 contactsId	contactsName	contactsDateCreated	contactsCreatedBy	contactsEmails	contactsPhones	contactsEmployers	employersId	contactsHomeAdress	contactsLatLong	contactsRelatedToLead	contactsResponsible
1	Damian Mathews	4/13/2019	johndoe	malesuada.vel@purus.edu	(56) 1742-4158	Class LLP	1	Ap #554-5077 Nunc Ave	-29.55083, -95.44015	186	maryann
2	Paul Leblanc	2/21/2019	johndoe	ut.erat.Sed@metusurna.net	(31) 8344-8808	Vulputate Corporation	2	P.O. Box 505, 3155 Dolor Av.	74.11207, 40.27304	86	carlossuarez
3	Thomas Finléy	6/29/2017	johndoe	lacus.Aliquam@Proindolor.ca	(22) 6539-2114	Sed Dui Fusce Consulting	3	209-1631 Velit. Ave	79.42883, -110.04649	26	elisadoe
4	Kelly Hamilton	6/24/2017	johndoe	in@Sedeunibh.edu	(59) 9922-2903	Orci Donec Nibh Incorporated	4	Ap #195-7212 Id, Rd.	-36.76197, 167.84722	61	joerobertson
5	Yoshio Prince	8/6/2018	johndoe	pharetra@SuspendisseeleifendCras.org	(47) 2627-1232	Sagittis Nullam Vitae Ltd	5	7919 Sit St.	55.7959, 106.64754	52	maryann
6	Ignatius Buck	10/31/2018	johndoe	Nunc.sed@duiCum.net	(40) 9097-1880	Lectus LLP	6	6327 Feugiat St.	23.65183, 65.57191	48	carlossuarez
7	Anthony Bernard	9/5/2017	johndoe	tellus@velvenenatisvel.ca	(75) 2366-6489	Suspendisse Ac LLP	7	864-6957 Mi. Ave	-70.79042, -45.20913	25	elisadoe
8	Connor Faulkneré	11/23/2018	johndoe	erat@Suspendisse.co.uk	(49) 4738-0037	Auctor Odio A Company	8	461-3248 Non Rd.	-74.15036, 36.30138	89	joerobertson
9	Ira Harvey	10/31/2017	johndoe	fringilla.Donec.feugiat@velit.co.uk	(87) 3407-9858	Sagittis Lobortis Company	9	P.O. Box 349, 1407 Semper Rd.	60.73624, 30.46657	146	maryann
10	Dane Carroll	8/22/2019	johndoe	Aenean@Curabitur.co.uk	(66) 9905-5683	Ante Ltd	10	Ap #904-2961 Vulputate Rd.	41.48256, 1.61341	59	carlossuarez
11	Craig Boyd	5/30/2018	johndoe	orci.consectetuer@noncursus.ca	(94) 6629-0692	Laoreet Lectus Quis Foundation	11	7379 Magna. Street	-1.60607, 139.17576	29	elisadoe
12	Oliver Stewart	6/11/2017	johndoe	velit.Quisque@ipsum.co.uk	(38) 6993-2117	Et Foundation	12	Ap #142-9230 Sagittis. Av.	-6.50647, 39.73965	75	joerobertson
13	Wesley Beard	4/19/2018	johndoe	sed@velit.co.uk	(72) 5635-8839	Orci Consectetuer Foundation	13	Ap #207-1311 Nec, Rd.	-82.40389, 19.27602	5	maryann
14	Silas Gonzalez	11/18/2017	johndoe	pharetra.sed@magnisdis.ca	(72) 4719-4897	Imperdiet Limited	14	P.O. Box 316, 3111 Tincidunt. Rd.	88.14574, -8.52505	124	carlossuarez
15	Jonah Day	2/18/2018	johndoe	velit.eget.laoreet@nulla.net	(22) 6993-0124	Senectus Limited	15	P.O. Box 775, 3572 Eleifend Avenue	-15.03166, 97.45865	130	elisadoe
16	Mufutau Morrow	12/23/2017	johndoe	Fusce.feugiat.Lorem@nonummyultricies.co.uk	(41) 7717-5906	Cras Institute	16	P.O. Box 887, 9102 Nunc Road	44.13489, -101.04296	194	joerobertson
17	Xenos Munoz	11/21/2018	johndoe	Mauris.non.dui@Nunc.org	(38) 7305-7060	Nec Metus Facilisis Associates	17	P.O. Box 440, 7716 Non, St.	-58.353, -106.32598	127	maryann
18	Keaton Stephenson	9/2/2017	johndoe	feugiat@ornarelectus.org	(95) 6644-4079	Non Ante Bibendum Associates	18	409-4208 Duis St.	-67.90934, 165.36175	93	carlossuarez
19	Jonah Day	2/18/2018	johndoe	velit.eget.laoreet@nulla.net	(22) 6993-0124	Senectus Limited	19	P.O. Box 775, 3572 Eleifend Avenue	-15.03166, 97.45865	130	elisadoe
20	Kevin French	3/27/2019	johndoe	velit.eu@Nullaeu.com	(76) 6623-7360	Pede Nec Ante Inc.	20	8026 Nunc. Av.	-22.83269, -101.16863	68	joerobertson
21	Warren Murphy	8/12/2018	johndoe	dignissim.lacus@ultricesaauctor.com	(42) 5023-2241	Nunc Consulting	21	7535 Lobortis St.	-71.30867, -119.42162	169	maryann
22	Deacon Stokesο πρτυφχψω	6/29/2018	johndoe	magnis@lacus.org	(54) 9106-6092	Auctor Corp.	22	P.O. Box 251, 4696 Fusce Ave	-25.57229, 69.2433	141	carlossuarez
23	Carlos Buck	1/3/2018	johndoe	vestibulum.Mauris.magna@nuncsed.co.uk	(65) 9597-3887	Hendrerit Consectetuer Ltd	23	6483 Fusce Rd.	87.94818, -156.69628	12	elisadoe
24	Ciaran Carney	10/8/2017	johndoe	egestas.Sed.pharetra@nonummyFuscefermentum.org	(77) 6402-7529	Sed Corporation	24	P.O. Box 305, 4768 Iaculis Road	11.38128, 107.68491	10	joerobertson
25	Brian Lyons	5/1/2019	johndoe	sem.molestie.sodales@Pellentesquehabitant.co.uk	(92) 3222-1598	Nec Mauris Blandit Corporation	25	9334 Semper Ave	-53.46262, -156.62311	67	maryann
26	Duncan Martinez	3/23/2019	johndoe	vel.pede@habitant.ca	(27) 9925-0134	Tempor Bibendum Limited	26	Ap #127-1082 Ligula St.	-35.20364, -119.17413	73	carlossuarez
27	Chaney Harrington	12/27/2018	johndoe	massa.Vestibulum@nunc.com	(15) 5885-9858	Non Enim Commodo Institute	27	P.O. Box 410, 4033 Lobortis Rd.	16.8463, 124.03567	28	elisadoe
28	Craig Boyd	5/30/2018	johndoe	orci.consectetuer@noncursus.ca	(94) 6629-0692	Laoreet Lectus Quis Foundation	28	7379 Magna. Street	-1.60607, 139.17576	29	joerobertson
29	Craig Boyd	5/30/2018	johndoe	orci.consectetuer@noncursus.ca	(94) 6629-0692	Laoreet Lectus Quis Foundation	29	7379 Magna. Street	-1.60607, 139.17576	29	maryann
30	Cooper Sandoval	3/31/2018	johndoe	Curabitur.massa.Vestibulum@auctor.ca	(43) 3282-2924	Luctus Limited	30	265-3436 Nullam Rd.	44.82056, 144.95989	57	carlossuarez
31	Walker Villarreal	3/10/2019	johndoe	diam.vel.arcu@diamvelarcu.net	(53) 5339-6704	Phasellus Elit Corporation	31	256-1166 Sed Road	-36.12019, 170.36549	81	elisadoe
32	Kyle Decker	8/15/2019	johndoe	eu.ligula@euelitNulla.com	(78) 8562-5007	Magna Inc.	32	Ap #436-7437 Vulputate Av.	-58.14752, -179.0675	100	joerobertson
33	Deacon Stokes	6/29/2018	johndoe	magnis@lacus.org	(54) 9106-6092	Auctor Corp.	33	P.O. Box 251, 4696 Fusce Ave	-25.57229, 69.2433	141	maryann
34	Omar Rosales	8/13/2019	johndoe	id.magna@lobortis.net	(67) 2707-8203	Enim LLC	34	676-3555 Tincidunt, St.	-75.9999, 161.03567	92	carlossuarez
35	Jacob Workman	3/16/2018	johndoe	sagittis.placerat.Cras@Donec.org	(41) 9635-0575	Ante Maecenas Mi Limited	35	P.O. Box 472, 1698 Nullam Rd.	-13.70285, 85.55548	24	elisadoe
36	Timothy Steele	2/21/2018	johndoe	sodales.purus.in@tellusAeneanegestas.com	(47) 9285-3910	Ut Company	36	5946 Eu, Rd.	-79.2363, 179.143	164	joerobertson
37	Thane Clements	9/10/2018	johndoe	natoque@Praesenteu.org	(15) 6518-6603	Morbi Accumsan PC	37	754-5287 Sit Avenue	29.39964, 69.8004	152	maryann
38	Barry Nguyen	1/24/2019	johndoe	convallis.in.cursus@Aliquam.org	(91) 2727-6856	Sed LLC	38	9713 Accumsan Av.	28.96613, 92.86593	192	carlossuarez
39	Brent Rosa	6/27/2018	johndoe	felis.Donec.tempor@placeratCrasdictum.co.uk	(61) 4425-1329	Lorem Ipsum Dolor Incorporated	39	835 Erat St.	8.18622, 90.23015	180	elisadoe
40	Blaze Watson	8/9/2018	johndoe	imperdiet.non.vestibulum@sed.net	(78) 4464-7756	Ridiculus Mus Proin Limited	40	771-1174 Dui St.	47.35555, -64.88047	104	joerobertson
41	Elton Olsen	11/22/2017	johndoe	nisl.Nulla.eu@vitaealiquet.co.uk	(23) 1443-9130	Commodo Tincidunt Nibh Limited	41	4792 At, Street	-50.71701, 57.52139	154	maryann
42	Elton Olsen	11/22/2017	johndoe	nisl.Nulla.eu@vitaealiquet.co.uk	(23) 1443-9130	Commodo Tincidunt Nibh Limited	42	4792 At, Street	-50.71701, 57.52139	154	carlossuarez
43	Jamal Britt	5/20/2019	johndoe	facilisis@Duisvolutpat.net	(94) 6570-4540	Tellus Inc.	43	4104 Facilisis Avenue	-9.06749, 35.61466	18	elisadoe
44	Judah Deleon	3/8/2019	johndoe	eu@Integermollis.co.uk	(54) 4294-8441	Nunc Institute	44	557-2219 Laoreet St.	-4.28938, 57.90586	30	joerobertson
45	Vernon Welch	3/15/2018	johndoe	arcu.iaculis@esttemporbibendum.org	(62) 4022-2429	Dolor LLP	45	6456 Ut Rd.	25.98774, -104.79909	129	maryann
46	Vaughan Petty	2/4/2019	johndoe	vitae.odio@purus.edu	(29) 3528-8592	In Lobortis LLP	46	856-5795 Pellentesque, Rd.	62.7409, 33.82254	149	carlossuarez
47	Charles Graves	9/1/2018	johndoe	consectetuer.adipiscing.elit@lectusCumsociis.edu	(72) 4078-7452	Ipsum Limited	47	Ap #709-511 Lectus Rd.	6.27619, 105.24102	170	elisadoe
48	Keith Murray	8/21/2019	johndoe	justo.eu.arcu@vel.edu	(12) 8805-7156	Neque Venenatis Consulting	48	P.O. Box 624, 2813 Sit Av.	-77.38326, 24.22067	103	joerobertson
49	Harper Harvey	12/25/2018	johndoe	pede@fermentum.ca	(52) 8996-5447	Nibh Inc.	49	620-1482 Ipsum Road	24.4238, -165.9616	128	maryann
50	Mohammad Christian	3/3/2018	johndoe	Curabitur.consequat@loremeu.ca	(22) 1871-5941	Facilisis Eget Industries	50	5502 Lobortis, Rd.	-89.47782, 136.33028	99	carlossuarez
51	Hyatt Butler	7/21/2017	johndoe	id@ligulaNullamenim.com	(38) 6887-5457	Tortor Corp.	51	Ap #222-1952 Odio. Rd.	-18.03292, -170.78038	160	elisadoe
52	Mufutau Morrow	12/23/2017	johndoe	Fusce.feugiat.Lorem@nonummyultricies.co.uk	(41) 7717-5906	Cras Institute	52	P.O. Box 887, 9102 Nunc Road	44.13489, -101.04296	194	joerobertson
53	Ira Fowler	6/12/2017	johndoe	est.Nunc@Maurisnulla.com	(83) 7290-0762	Et Foundation	53	522-863 Quisque Street	-18.31226, -155.09801	56	maryann
54	Francis Blevins	10/23/2018	johndoe	Suspendisse@Morbi.org	(65) 7785-3262	Nulla Dignissim Maecenas Company	54	Ap #397-5110 Nulla St.	-54.35369, -139.93697	34	carlossuarez
55	Gavin Farrell	2/22/2018	johndoe	Sed@in.com	(68) 1448-0965	In Sodales Elit Incorporated	55	P.O. Box 177, 8931 Ac St.	-83.11775, 20.93545	70	elisadoe
56	Ira Preston	1/2/2018	johndoe	primis.in.faucibus@urnaNuncquis.ca	(30) 1459-0708	Feugiat Tellus LLP	56	P.O. Box 254, 7287 Purus Rd.	-48.18929, -110.91392	136	joerobertson
57	Fletcher Franco	12/3/2018	johndoe	sed.hendrerit.a@Sedid.edu	(97) 7102-6335	Phasellus Corporation	57	P.O. Box 653, 8314 Pede. Street	-53.41649, 148.44352	101	maryann
58	Brenden Dale	8/13/2019	johndoe	vel.pede@orciconsectetuer.ca	(43) 3527-5103	Ornare Consulting	58	P.O. Box 586, 2642 Magna. Road	79.74085, 119.94969	88	carlossuarez
59	Lee Burton	10/8/2017	johndoe	ut@semut.org	(82) 8130-9750	Justo Eu LLP	59	411-9332 Sed Rd.	22.60499, -20.59131	172	elisadoe
60	Wade Gaines	10/21/2018	johndoe	a.scelerisque.sed@AeneanmassaInteger.net	(28) 6427-6859	At Velit Limited	60	Ap #188-5007 Malesuada Avenue	37.34247, 99.18125	116	joerobertson
61	Garrison Shields	3/6/2018	johndoe	Cras.interdum.Nunc@vel.net	(57) 5432-3347	Natoque Penatibus Et LLP	61	638-3233 Non St.	49.11731, -148.239	155	maryann
62	Jacob Workman	3/16/2018	johndoe	sagittis.placerat.Cras@Donec.org	(41) 9635-0575	Ante Maecenas Mi Limited	62	P.O. Box 472, 1698 Nullam Rd.	-13.70285, 85.55548	24	carlossuarez
63	Mason Sheppard	10/5/2017	johndoe	a@Craspellentesque.edu	(99) 8172-1982	Eros Corp.	63	P.O. Box 452, 2961 Gravida Rd.	-88.77251, 167.45658	32	elisadoe
64	Merrill Marsh	11/8/2018	johndoe	non@tellusidnunc.co.uk	(64) 3547-7026	Nec Ante Inc.	64	7511 Orci. Avenue	70.44325, 117.21461	107	joerobertson
65	Keaton Stephenson	9/2/2017	johndoe	feugiat@ornarelectus.org	(95) 6644-4079	Non Ante Bibendum Associates	65	409-4208 Duis St.	-67.90934, 165.36175	93	maryann
66	Bert Hanson	6/1/2019	johndoe	tellus.non.magna@elit.edu	(56) 1409-6352	Ullamcorper Magna Corp.	66	P.O. Box 167, 9168 Neque St.	40.42699, 37.2287	62	carlossuarez
67	Aladdin Madden	8/30/2018	johndoe	auctor.ullamcorper.nisl@sedpedenec.co.uk	(83) 6853-2834	Ac Fermentum Vel Ltd	67	337-3554 Ac Rd.	70.81792, -82.29397	174	elisadoe
68	Patrick Becker	2/24/2018	johndoe	nec.diam.Duis@lacus.edu	(55) 8140-2583	Dictum Sapien Aenean Incorporated	68	Ap #433-798 Tempor Ave	84.09136, -121.63039	23	joerobertson
69	Honorato Kent	11/24/2017	johndoe	taciti.sociosqu@semsempererat.org	(58) 7781-8655	Amet Orci Ut PC	69	Ap #787-6725 Nonummy Av.	51.92159, -2.45352	153	maryann
70	Addison Jarvis	12/4/2017	johndoe	libero@parturientmontesnascetur.co.uk	(18) 9055-4255	Ultrices Vivamus Rhoncus Incorporated	70	2775 Ac St.	45.86831, -166.57256	144	carlossuarez
71	Craig Boyd	5/30/2018	johndoe	orci.consectetuer@noncursus.ca	(94) 6629-0692	Laoreet Lectus Quis Foundation	71	7379 Magna. Street	-1.60607, 139.17576	29	elisadoe
72	Paki Bowman	5/20/2019	johndoe	at.fringilla.purus@ullamcorpervelitin.net	(60) 6556-2043	Diam Nunc Ullamcorper Limited	72	171-7506 Aenean Street	-74.96697, 4.98927	112	joerobertson
73	Reuben Carpenter	4/2/2018	johndoe	montes@velit.org	(70) 9870-9887	Sit Amet Faucibus Institute	73	7299 Enim Street	39.17186, 63.83383	11	maryann
74	Gage Chapman	12/4/2017	johndoe	Cras.vulputate.velit@rutrumloremac.ca	(32) 2537-4380	Auctor Foundation	74	986-5401 Vel, St.	-14.09735, 145.10361	115	carlossuarez